[
    {
        "Name": "level1"
    },
    {
        "Author": "mathias"
    },
    {
        "Background": {
            "path": "assets/images/level1.png"
        }
    },
    {
        "Song": {
            "path": "assets/songs/level1.mp3"
        }
    },
    {
        "PassageWay": {
            "x": 1450,
            "y": 245,
            "width": 150,
            "height": 125,
            "passageWayTo": "level2"
        }
    },
    {
        "Player": {
            "x": 64,
            "y": 450,
            "origin_x": 64,
            "origin_y": 450
        }
    },
    {
        "Platform": {
            "x": 350,
            "y": 475,
            "width": 96,
            "height": 48,
            "spriteSheetOffsetX": 0,
            "spriteSheetOffsetY": 48,
            "spriteSheetWidth": 96,
            "spriteSheetHeight": 48,
            "texturepath": "assets/sprites/DecorSheet.png"
        }
    },
    {
        "Platform": {
            "x": 875,
            "y": 450,
            "width": 96,
            "height": 48,
            "spriteSheetOffsetX": 0,
            "spriteSheetOffsetY": 96,
            "spriteSheetWidth": 96,
            "spriteSheetHeight": 48,
            "texturepath": "assets/sprites/DecorSheet.png"
        }
    },
    {
        "Platform": {
            "x": 1050,
            "y": 375,
            "width": 96,
            "height": 48,
            "spriteSheetOffsetX": 0,
            "spriteSheetOffsetY": 48,
            "spriteSheetWidth": 96,
            "spriteSheetHeight": 48,
            "texturepath": "assets/sprites/DecorSheet.png"
        }
    },
    {
        "Patrolman": {
            "x": 650,
            "y": 501,
            "origin_x": 650,
            "origin_y": 450,
            "height": 32,
            "width": 32,
            "path": [
                607,
                800
            ],
            "speed": 1,
            "damage": 2,
            "texturepath": "assets/sprites/Patrolman.png"
        }
    },
    {
        "Bat": {
            "x": 1474,
            "y": 280,
            "height": 32,
            "width": 32,
            "origin_x": 64,
            "origin_y": 450,
            "speed": 0,
            "damage": 1,
            "triggerZone": 200,
            "texturepath": "assets/sprites/Bats.png"
        }
    },
    {
        "CollisionBlock": {
            "x": 0,
            "y": 500,
            "width": 225,
            "height": 80,
            "collisionSide": 1
        }
    },
    {
        "CollisionBlock": {
            "x": 0,
            "y": 655,
            "width": 225,
            "height": 100,
            "collisionSide": 0
        }
    },
    {
        "CollisionBlock": {
            "x": 575,
            "y": 500,
            "width": 225,
            "height": 300,
            "collisionSide": 0
        }
    },
    {
        "CollisionBlock": {
            "x": 1250,
            "y": 369,
            "width": 500,
            "height": 800,
            "collisionSide": 0
        }
    },
    {
        "CollisionBlock": {
            "x": -50,
            "y": 0,
            "width": 50,
            "height": 1000,
            "collisionSide": 1
        }
    },
    {
        "Coin": {
            "x": 202,
            "y": 474,
            "width": 16,
            "height": 16,
            "value": 10,
            "texturepath": "assets/sprites/Collectible.png"
        }
    },
    {
        "Coin": {
            "x": 386,
            "y": 394,
            "width": 16,
            "height": 16,
            "value": 10,
            "texturepath": "assets/sprites/Collectible.png"
        }
    },
    {
        "Coin": {
            "x": 681,
            "y": 466,
            "width": 16,
            "height": 16,
            "value": 10,
            "texturepath": "assets/sprites/Collectible.png"
        }
    },
    {
        "Coin": {
            "x": 1083,
            "y": 350,
            "width": 16,
            "height": 16,
            "value": 10,
            "texturepath": "assets/sprites/Collectible.png"
        }
    },
    {
        "Coin": {
            "x": 1347,
            "y": 342,
            "width": 16,
            "height": 16,
            "value": 100,
            "texturepath": "assets/sprites/Collectible.png"
        }
    },
    {
        "Coin": {
            "x": 1381,
            "y": 342,
            "width": 16,
            "height": 16,
            "value": 100,
            "texturepath": "assets/sprites/Collectible.png"
        }
    },
    {
        "Platform": {
            "x": 225,
            "y": 655,
            "width": 32,
            "height": 16,
            "spriteSheetOffsetX": 0,
            "spriteSheetOffsetY": 16,
            "spriteSheetWidth": 96,
            "spriteSheetHeight": 16,
            "texturepath": "assets/sprites/none.png"
        }
    },
    {
        "Platform": {
            "x": 225,
            "y": 565,
            "width": 32,
            "height": 16,
            "spriteSheetOffsetX": 0,
            "spriteSheetOffsetY": 16,
            "spriteSheetWidth": 96,
            "spriteSheetHeight": 16,
            "texturepath": "assets/sprites/none.png"
        }
    },
    {
        "Coin": {
            "x": 130,
            "y": 630,
            "width": 16,
            "height": 16,
            "value": 100,
            "texturepath": "assets/sprites/Collectible.png"
        }
    },
    {
        "Coin": {
            "x": 110,
            "y": 630,
            "width": 16,
            "height": 16,
            "value": 100,
            "texturepath": "assets/sprites/Collectible.png"
        }
    },
    {
        "Coin": {
            "x": 90,
            "y": 630,
            "width": 16,
            "height": 16,
            "value": 100,
            "texturepath": "assets/sprites/Collectible.png"
        }
    },
    {
        "Coin": {
            "x": 50,
            "y": 630,
            "width": 16,
            "height": 16,
            "value": 100,
            "texturepath": "assets/sprites/Collectible.png"
        }
    },
    {
        "Coin": {
            "x": 30,
            "y": 630,
            "width": 16,
            "height": 16,
            "value": 100,
            "texturepath": "assets/sprites/Collectible.png"
        }
    },
    {
        "Coin": {
            "x": 10,
            "y": 630,
            "width": 16,
            "height": 16,
            "value": 100,
            "texturepath": "assets/sprites/Collectible.png"
        }
    },
    {
        "Coin": {
            "x": 140,
            "y": 610,
            "width": 16,
            "height": 16,
            "value": 100,
            "texturepath": "assets/sprites/Collectible.png"
        }
    },
    {
        "Coin": {
            "x": 120,
            "y": 610,
            "width": 16,
            "height": 16,
            "value": 100,
            "texturepath": "assets/sprites/Collectible.png"
        }
    },
    {
        "Coin": {
            "x": 100,
            "y": 610,
            "width": 16,
            "height": 16,
            "value": 100,
            "texturepath": "assets/sprites/Collectible.png"
        }
    },
    {
        "Coin": {
            "x": 60,
            "y": 610,
            "width": 16,
            "height": 16,
            "value": 100,
            "texturepath": "assets/sprites/Collectible.png"
        }
    },
    {
        "Coin": {
            "x": 40,
            "y": 610,
            "width": 16,
            "height": 16,
            "value": 100,
            "texturepath": "assets/sprites/Collectible.png"
        }
    },
    {
        "Coin": {
            "x": 20,
            "y": 610,
            "width": 16,
            "height": 16,
            "value": 100,
            "texturepath": "assets/sprites/Collectible.png"
        }
    },
    {
        "Coin": {
            "x": 130,
            "y": 590,
            "width": 16,
            "height": 16,
            "value": 100,
            "texturepath": "assets/sprites/Collectible.png"
        }
    },
    {
        "Coin": {
            "x": 110,
            "y": 590,
            "width": 16,
            "height": 16,
            "value": 100,
            "texturepath": "assets/sprites/Collectible.png"
        }
    },
    {
        "Coin": {
            "x": 90,
            "y": 590,
            "width": 16,
            "height": 16,
            "value": 100,
            "texturepath": "assets/sprites/Collectible.png"
        }
    },
    {
        "Coin": {
            "x": 50,
            "y": 590,
            "width": 16,
            "height": 16,
            "value": 100,
            "texturepath": "assets/sprites/Collectible.png"
        }
    },
    {
        "Coin": {
            "x": 30,
            "y": 590,
            "width": 16,
            "height": 16,
            "value": 100,
            "texturepath": "assets/sprites/Collectible.png"
        }
    },
    {
        "Coin": {
            "x": 10,
            "y": 590,
            "width": 16,
            "height": 16,
            "value": 100,
            "texturepath": "assets/sprites/Collectible.png"
        }
    },
    {
        "Platform": {
            "x": 1065,
            "y": 285,
            "width": 53,
            "height": 10,
            "spriteSheetOffsetX": 0,
            "spriteSheetOffsetY": 0,
            "spriteSheetWidth": 96,
            "spriteSheetHeight": 16,
            "texturepath": "assets/sprites/none.png"
        }
    },
    {
        "Platform": {
            "x": 1007,
            "y": 225,
            "width": 40,
            "height": 10,
            "spriteSheetOffsetX": 0,
            "spriteSheetOffsetY": 0,
            "spriteSheetWidth": 96,
            "spriteSheetHeight": 16,
            "texturepath": "assets/sprites/none.png"
        }
    },
    {
        "Platform": {
            "x": 842,
            "y": 162,
            "width": 96,
            "height": 16,
            "spriteSheetOffsetX": 0,
            "spriteSheetOffsetY": 0,
            "spriteSheetWidth": 96,
            "spriteSheetHeight": 16,
            "texturepath": "assets/sprites/none.png"
        }
    },
    {
        "Heart": {
            "x": 884,
            "y": 80,
            "width": 16,
            "height": 16,
            "value": 2,
            "texturepath": "assets/sprites/none.png"
        }
    },
    {
        "Coin": {
            "x": 1083,
            "y": 258,
            "width": 16,
            "height": 16,
            "value": 50,
            "texturepath": "assets/sprites/Collectible.png"
        }
    }
]