[
  {
    "Name": "level2"
  },
  {
    "Author": "mathias"
  },
  {
    "Background": {
      "path": "assets/images/level2.png"
    }
  },
  {
    "PassageWay": {
      "x": 1100,
      "y": 0,
      "width": 100,
      "height": 75,
      "passageWayTo": "level1"
    }
  },
  {
    "Player": {
      "x": 32,
      "y": 201,
      "origin_x": 64,
      "origin_y": 151
    }
  },
  {
    "Platform": {
      "x": 375,
      "y": 625,
      "width": 96,
      "height": 16,
      "spriteSheetOffsetX": 0,
      "spriteSheetOffsetY": 16,
      "spriteSheetWidth": 96,
      "spriteSheetHeight": 16,
      "texturepath": "assets/sprites/DecorSheet.png"
    }
  },
  {
    "Platform": {
      "x": 712,
      "y": 525,
      "width": 96,
      "height": 16,
      "spriteSheetOffsetX": 0,
      "spriteSheetOffsetY": 16,
      "spriteSheetWidth": 96,
      "spriteSheetHeight": 16,
      "texturepath": "assets/sprites/DecorSheet.png"
    }
  },
  {
    "Platform": {
      "x": 612,
      "y": 450,
      "width": 96,
      "height": 16,
      "spriteSheetOffsetX": 0,
      "spriteSheetOffsetY": 16,
      "spriteSheetWidth": 96,
      "spriteSheetHeight": 16,
      "texturepath": "assets/sprites/DecorSheet.png"
    }
  },
  {
    "Platform": {
      "x": 712,
      "y": 375,
      "width": 96,
      "height": 16,
      "spriteSheetOffsetX": 0,
      "spriteSheetOffsetY": 16,
      "spriteSheetWidth": 96,
      "spriteSheetHeight": 16,
      "texturepath": "assets/sprites/DecorSheet.png"
    }
  },
  {
    "Platform": {
      "x": 1200,
      "y": 425,
      "width": 96,
      "height": 16,
      "spriteSheetOffsetX": 0,
      "spriteSheetOffsetY": 16,
      "spriteSheetWidth": 96,
      "spriteSheetHeight": 16,
      "texturepath": "assets/sprites/DecorSheet.png"
    }
  },
  {
    "Platform": {
      "x": 1300,
      "y": 275,
      "width": 96,
      "height": 16,
      "spriteSheetOffsetX": 0,
      "spriteSheetOffsetY": 16,
      "spriteSheetWidth": 96,
      "spriteSheetHeight": 16,
      "texturepath": "assets/sprites/DecorSheet.png"
    }
  },
  {
    "Platform": {
      "x": 1100,
      "y": 175,
      "width": 96,
      "height": 16,
      "spriteSheetOffsetX": 0,
      "spriteSheetOffsetY": 16,
      "spriteSheetWidth": 96,
      "spriteSheetHeight": 16,
      "texturepath": "assets/sprites/DecorSheet.png"
    }
  },
  {
    "Patrolman": {
      "x": 880,
      "y": 401,
      "origin_x": 880,
      "origin_y": 401,
      "height": 32,
      "width": 32,
      "direction": false,
      "animStep": 0,
      "animTimer": 0,
      "path": [
        880,
        1050
      ],
      "step": 0,
      "speed": 1.25,
      "damage": 1,
      "texturepath": "assets/sprites/Patrolman.png"
    }
  },
  {
    "Bat": {
      "x": 500,
      "y": 332,
      "height": 32,
      "width": 32,
      "origin_x": 64,
      "origin_y": 450,
      "speed": 2.5,
      "damage": 1,
      "triggerZone": 300,
      "texturepath": "assets/sprites/Bats.png"
    }
  },
  {
    "Bat": {
      "x": 450,
      "y": 332,
      "height": 32,
      "width": 32,
      "origin_x": 64,
      "origin_y": 450,
      "speed": 2.6,
      "damage": 1,
      "triggerZone": 300,
      "texturepath": "assets/sprites/Bats.png"
    }
  },
  {
    "CollisionBlock": {
      "x": 0,
      "y": 200,
      "width": 175,
      "height": 800,
      "collisionSide": 0
    }
  },
  {
    "CollisionBlock": {
      "x": 525,
      "y": 600,
      "width": 150,
      "height": 200,
      "collisionSide": 0
    }
  },
  {
    "CollisionBlock": {
      "x": 850,
      "y": 400,
      "width": 200,
      "height": 350,
      "collisionSide": 0
    }
  },
  {
    "CollisionBlock": {
      "x": -50,
      "y": 100,
      "width": 50,
      "height": 100,
      "collisionSide": 1
    }
  },
  {
    "CollisionBlock": {
      "x": 1050,
      "y": 250,
      "width": 200,
      "height": 50,
      "collisionSide": 1
    }
  },
  {
    "CollisionBlock": {
      "x": 0,
      "y": 0,
      "width": 1100,
      "height": 100,
      "collisionSide": 2
    }
  },
  {
    "CollisionBlock": {
      "x": 1200,
      "y": 0,
      "width": 350,
      "height": 100,
      "collisionSide": 2
    }
  },
  {
    "CollisionBlock": {
      "x": 300,
      "y": 100,
      "width": 750,
      "height": 200,
      "collisionSide": 2
    }
  },
  {
    "CollisionBlock": {
      "x": 1450,
      "y": 100,
      "width": 100,
      "height": 650,
      "collisionSide": 3
    }
  },
  {
    "CollisionBlock": {
      "x": 1400,
      "y": 350,
      "width": 50,
      "height": 50,
      "collisionSide": 3
    }
  },
  {
    "Coin": {
      "x": 1416,
      "y": 325,
      "width": 16,
      "height": 16,
      "value": 10,
      "spriteSheetOffsetX": 1,
      "texturepath": "assets/sprites/Collectible.png"
    }
  },
  {
    "Coin": {
      "x": 1140,
      "y": 230,
      "width": 16,
      "height": 16,
      "value": 10,
      "spriteSheetOffsetX": 1,
      "texturepath": "assets/sprites/Collectible.png"
    }
  }
  ,{"Coin":{"x":685,"y":680,"width":16,"height":16,"value":10, "spriteSheetOffsetX": 1,"texturepath":"assets/sprites/Collectible.png"}}
  ,{"Coin":{"x":705,"y":680,"width":16,"height":16,"value":10, "spriteSheetOffsetX": 1,"texturepath":"assets/sprites/Collectible.png"}}
  ,{"Coin":{"x":725,"y":680,"width":16,"height":16,"value":10, "spriteSheetOffsetX": 1,"texturepath":"assets/sprites/Collectible.png"}}
  ,{"Coin":{"x":745,"y":680,"width":16,"height":16,"value":10, "spriteSheetOffsetX": 1,"texturepath":"assets/sprites/Collectible.png"}}
  ,{"Coin":{"x":765,"y":680,"width":16,"height":16,"value":10, "spriteSheetOffsetX": 1,"texturepath":"assets/sprites/Collectible.png"}}
  ,{"Coin":{"x":785,"y":680,"width":16,"height":16,"value":10, "spriteSheetOffsetX": 1,"texturepath":"assets/sprites/Collectible.png"}}
  ,{"Coin":{"x":805,"y":680,"width":16,"height":16,"value":10, "spriteSheetOffsetX": 1,"texturepath":"assets/sprites/Collectible.png"}}
  ,{"Coin":{"x":825,"y":680,"width":16,"height":16,"value":10, "spriteSheetOffsetX": 1,"texturepath":"assets/sprites/Collectible.png"}}
  ,{"Coin":{"x":685,"y":700,"width":16,"height":16,"value":10, "spriteSheetOffsetX": 1,"texturepath":"assets/sprites/Collectible.png"}}
  ,{"Coin":{"x":705,"y":700,"width":16,"height":16,"value":10, "spriteSheetOffsetX": 1,"texturepath":"assets/sprites/Collectible.png"}}
  ,{"Coin":{"x":725,"y":700,"width":16,"height":16,"value":10, "spriteSheetOffsetX": 1,"texturepath":"assets/sprites/Collectible.png"}}
  ,{"Coin":{"x":745,"y":700,"width":16,"height":16,"value":10, "spriteSheetOffsetX": 1,"texturepath":"assets/sprites/Collectible.png"}}
  ,{"Coin":{"x":765,"y":700,"width":16,"height":16,"value":10, "spriteSheetOffsetX": 1,"texturepath":"assets/sprites/Collectible.png"}}
  ,{"Coin":{"x":785,"y":700,"width":16,"height":16,"value":10, "spriteSheetOffsetX": 1,"texturepath":"assets/sprites/Collectible.png"}}
  ,{"Coin":{"x":805,"y":700,"width":16,"height":16,"value":10, "spriteSheetOffsetX": 1,"texturepath":"assets/sprites/Collectible.png"}}
  ,{"Coin":{"x":825,"y":700,"width":16,"height":16,"value":10, "spriteSheetOffsetX": 1,"texturepath":"assets/sprites/Collectible.png"}}
  ,{"PassageWay":{"x":678,"y":676,"width":170,"height":50,"passageWayTo":"level2bis"}}






]